0.4080939292907715,temperature,57.17,ctrSign,0.0,heater,0.0
0.4927642345428467,Irms,0.07
0.9082889556884766,temperature,57.39,ctrSign,0.0,heater,0.0
1.2181169986724854,Irms,0.08
1.4091441631317139,temperature,57.07,ctrSign,0.0,heater,0.0
1.9091320037841797,temperature,57.83,ctrSign,0.0,heater,0.0
1.942497730255127,Irms,0.06
2.4091989994049072,temperature,57.51,ctrSign,0.0,heater,0.0
2.669304132461548,Irms,11.64
2.9088406562805176,temperature,57.14,ctrSign,0.0,heater,0.0
3.395341634750366,Irms,12.34
3.419281244277954,temperature,57.63,ctrSign,0.0,heater,0.0
3.9097843170166016,temperature,57.39,ctrSign,0.0,heater,0.0
4.122387409210205,Irms,11.61
4.409895896911621,temperature,57.07,ctrSign,0.0,heater,0.0
4.846542119979858,Irms,0.09
4.910304546356201,temperature,57.12,ctrSign,0.0,heater,0.0
5.4103899002075195,temperature,57.63,ctrSign,0.0,heater,0.0
5.572316408157349,Irms,0.09
5.9104108810424805,temperature,57.29,ctrSign,0.0,heater,0.0
6.296721458435059,Irms,0.09
6.410852432250977,temperature,57.22,ctrSign,0.0,heater,0.0
6.910867691040039,temperature,57.14,ctrSign,0.0,heater,0.0
7.022634744644165,Irms,0.08
7.411255836486816,temperature,57.58,ctrSign,0.0,heater,0.0
7.748241901397705,Irms,7.11
7.9105064868927,temperature,57.24,ctrSign,0.0,heater,0.0
8.411248207092285,temperature,57.07,ctrSign,0.0,heater,0.0
8.47405481338501,Irms,12.34
8.911754608154297,temperature,57.34,ctrSign,0.0,heater,0.0
9.200751543045044,Irms,12.31
9.411767721176147,temperature,57.19,ctrSign,0.0,heater,0.0
9.911382675170898,temperature,57.34,ctrSign,0.0,heater,0.0
9.932451009750366,Irms,12.36
10.41208267211914,temperature,57.17,ctrSign,0.0,heater,0.0
10.652239799499512,Irms,3.46
10.912520408630371,temperature,57.14,ctrSign,0.0,heater,0.0
11.377176523208618,Irms,0.08
11.412655353546143,temperature,57.39,ctrSign,0.0,heater,0.0
11.912675142288208,temperature,57.41,ctrSign,0.0,heater,0.0
12.10191297531128,Irms,0.08
12.412894487380981,temperature,56.95,ctrSign,0.0,heater,0.0
12.82700490951538,Irms,0.08
12.912895917892456,temperature,57.12,ctrSign,0.0,heater,0.0
13.413008689880371,temperature,57.78,ctrSign,0.0,heater,0.0
13.551239728927612,Irms,0.1
13.913376331329346,temperature,57.48,ctrSign,0.0,heater,0.0
14.277160882949829,Irms,0.08
14.412940979003906,temperature,57.14,ctrSign,0.0,heater,0.0
14.913756847381592,temperature,57.63,ctrSign,0.0,heater,0.0
15.002189636230469,Irms,0.07
15.413896560668945,temperature,57.24,ctrSign,0.0,heater,0.0
15.726906061172485,Irms,0.07
15.914260625839233,temperature,57.66,ctrSign,0.0,heater,0.0
16.413772106170654,temperature,57.85,ctrSign,0.0,heater,0.0
16.45147132873535,Irms,0.07
16.914649963378906,temperature,57.66,ctrSign,0.0,heater,0.0
17.17661690711975,Irms,0.06
17.413884162902832,temperature,57.97,ctrSign,0.0,heater,0.0
17.902454137802124,Irms,0.09
17.9250648021698,temperature,58.97,ctrSign,0.0,heater,0.0
18.41455340385437,temperature,58.0,ctrSign,0.0,heater,0.0
18.62684726715088,Irms,0.08
18.914888381958008,temperature,57.97,ctrSign,0.0,heater,0.0
19.35197162628174,Irms,0.08
19.414979696273804,temperature,58.14,ctrSign,0.0,heater,0.0
19.91582226753235,temperature,58.32,ctrSign,0.0,heater,0.0
20.07715082168579,Irms,0.09
20.415493726730347,temperature,58.53,ctrSign,0.0,heater,0.0
20.80271553993225,Irms,0.07
20.9152729511261,temperature,58.71,ctrSign,0.0,heater,0.0
21.41628909111023,temperature,58.34,ctrSign,0.0,heater,0.0
21.527610301971436,Irms,0.08
21.91627812385559,temperature,58.61,ctrSign,0.0,heater,0.0
22.253101110458374,Irms,0.09
22.416061878204346,temperature,58.83,ctrSign,0.0,heater,0.0
22.91631031036377,temperature,58.75,ctrSign,0.0,heater,0.0
22.978812217712402,Irms,0.1
23.416858673095703,temperature,58.83,ctrSign,0.0,heater,0.0
23.703887224197388,Irms,0.08
23.917163848876953,temperature,58.83,ctrSign,0.0,heater,0.0
24.417131900787354,temperature,58.85,ctrSign,0.0,heater,0.0
24.45118236541748,Irms,0.08
24.917054176330566,temperature,59.07,ctrSign,0.0,heater,0.0
25.154958963394165,Irms,0.09
25.417792320251465,temperature,59.34,ctrSign,0.0,heater,0.0
25.880211114883423,Irms,0.08
25.93290948867798,temperature,59.39,ctrSign,0.0,heater,0.0
26.418114185333252,temperature,59.32,ctrSign,0.0,heater,0.0
26.605427742004395,Irms,0.08
26.91791582107544,temperature,59.66,ctrSign,0.0,heater,0.0
27.331446647644043,Irms,0.09
27.418413162231445,temperature,59.34,ctrSign,0.0,heater,0.0
27.917789697647095,temperature,59.71,ctrSign,0.0,heater,0.0
28.056848287582397,Irms,0.1
28.417964696884155,temperature,59.54,ctrSign,0.0,heater,0.0
28.78163719177246,Irms,0.09
28.918981790542603,temperature,59.49,ctrSign,0.0,heater,0.0
29.419246435165405,temperature,59.41,ctrSign,0.0,heater,0.0
29.50718927383423,Irms,0.08
29.918708562850952,temperature,59.71,ctrSign,0.0,heater,0.0
30.232386350631714,Irms,0.08
30.419050693511963,temperature,59.66,ctrSign,0.0,heater,0.0
30.919845581054688,temperature,59.78,ctrSign,0.0,heater,0.0
30.96837067604065,Irms,0.08
31.419578552246094,temperature,59.93,ctrSign,0.0,heater,0.0
31.683086395263672,Irms,0.09
31.919302940368652,temperature,59.76,ctrSign,0.0,heater,0.0
32.408159255981445,Irms,0.09
32.44859433174133,temperature,59.9,ctrSign,0.0,heater,0.0
32.92047715187073,temperature,61.07,ctrSign,0.0,heater,0.0
33.134432554244995,Irms,0.1
33.420501947402954,temperature,59.9,ctrSign,0.0,heater,0.0
33.858498096466064,Irms,0.1
33.91999673843384,temperature,60.22,ctrSign,0.0,heater,0.0
34.42046332359314,temperature,60.39,ctrSign,0.0,heater,0.0
34.58408045768738,Irms,0.1
34.92111682891846,temperature,60.07,ctrSign,0.0,heater,0.0
35.31007122993469,Irms,0.1
35.42131996154785,temperature,60.34,ctrSign,0.0,heater,0.0
35.92108511924744,temperature,60.0,ctrSign,0.0,heater,0.0
36.03551149368286,Irms,0.09
36.42198061943054,temperature,60.32,ctrSign,0.0,heater,0.0
36.75993299484253,Irms,0.09
36.922125816345215,temperature,60.12,ctrSign,0.0,heater,0.0
37.42192816734314,temperature,60.05,ctrSign,0.0,heater,0.0
37.48629379272461,Irms,0.09
37.92240786552429,temperature,60.49,ctrSign,0.0,heater,0.0
38.210808515548706,Irms,0.08
38.422337770462036,temperature,60.24,ctrSign,0.0,heater,0.0
38.92258810997009,temperature,60.15,ctrSign,0.0,heater,0.0
38.94607090950012,Irms,0.09
39.42262148857117,temperature,60.34,ctrSign,0.0,heater,0.0
39.66215252876282,Irms,0.09
39.922544717788696,temperature,60.71,ctrSign,0.0,heater,0.0
40.386967182159424,Irms,0.1
40.42344903945923,temperature,59.9,ctrSign,0.0,heater,0.0
40.92340970039368,temperature,60.42,ctrSign,0.0,heater,0.0
41.11219930648804,Irms,0.08
41.42381000518799,temperature,60.32,ctrSign,0.0,heater,0.0
41.837076902389526,Irms,0.08
41.92404580116272,temperature,60.07,ctrSign,0.0,heater,0.0
42.424158573150635,temperature,60.39,ctrSign,0.0,heater,0.0
42.56279993057251,Irms,0.08
42.924187421798706,temperature,60.54,ctrSign,0.0,heater,0.0
43.28819513320923,Irms,0.09
43.42409873008728,temperature,60.17,ctrSign,0.0,heater,0.0
43.92427158355713,temperature,60.54,ctrSign,0.0,heater,0.0
44.01305174827576,Irms,0.08
44.423691511154175,temperature,60.78,ctrSign,0.0,heater,0.0
44.7384991645813,Irms,0.09
44.92454481124878,temperature,60.37,ctrSign,0.0,heater,0.0
45.42463731765747,temperature,60.51,ctrSign,0.0,heater,0.0
45.46775031089783,Irms,0.09
45.92569327354431,temperature,60.24,ctrSign,0.0,heater,0.0
46.18864989280701,Irms,0.09
46.42542791366577,temperature,60.54,ctrSign,0.0,heater,0.0
46.91405129432678,Irms,0.08
46.95517945289612,temperature,60.42,ctrSign,0.0,heater,0.0
47.42510485649109,temperature,60.49,ctrSign,0.0,heater,0.0
47.63959836959839,Irms,0.08
47.92550182342529,temperature,60.46,ctrSign,0.0,heater,0.0
48.36438250541687,Irms,0.09
48.425565004348755,temperature,60.2,ctrSign,0.0,heater,0.0
48.92631196975708,temperature,60.54,ctrSign,0.0,heater,0.0
49.08957648277283,Irms,0.09
49.42618417739868,temperature,60.51,ctrSign,0.0,heater,0.0
49.8150110244751,Irms,0.09
49.926199436187744,temperature,60.29,ctrSign,0.0,heater,0.0
50.426618814468384,temperature,60.46,ctrSign,0.0,heater,0.0
50.54080533981323,Irms,0.08
50.92683219909668,temperature,60.61,ctrSign,0.0,heater,0.0
51.265881061553955,Irms,0.09
51.42757606506348,temperature,60.37,ctrSign,0.0,heater,0.0
51.927769899368286,temperature,60.34,ctrSign,0.0,heater,0.0
51.99099683761597,Irms,0.09
52.427831172943115,temperature,60.46,ctrSign,0.0,heater,0.0
52.716235399246216,Irms,0.09
52.92799973487854,temperature,60.46,ctrSign,0.0,heater,0.0
53.42810821533203,temperature,60.44,ctrSign,0.0,heater,0.0
53.455413818359375,Irms,0.07
53.92790961265564,temperature,60.68,ctrSign,0.0,heater,0.0
54.16641187667847,Irms,0.08
54.42803931236267,temperature,60.15,ctrSign,0.0,heater,0.0
54.89206576347351,Irms,0.08
54.92808532714844,temperature,60.61,ctrSign,0.0,heater,0.0
55.42884635925293,temperature,60.76,ctrSign,0.0,heater,0.0
55.61711645126343,Irms,0.08
55.928619384765625,temperature,60.42,ctrSign,0.0,heater,0.0
56.342501401901245,Irms,0.08
56.429625272750854,temperature,60.49,ctrSign,0.0,heater,0.0
56.92948603630066,temperature,60.54,ctrSign,0.0,heater,0.0
57.06753849983215,Irms,0.08
57.42985224723816,temperature,60.73,ctrSign,0.0,heater,0.0
57.79231262207031,Irms,0.09
57.93002772331238,temperature,60.76,ctrSign,0.0,heater,0.0
58.43015193939209,temperature,60.46,ctrSign,0.0,heater,0.0
58.51822066307068,Irms,0.08
58.93032217025757,temperature,60.59,ctrSign,0.0,heater,0.0
59.24259686470032,Irms,0.08
59.43048119544983,temperature,60.39,ctrSign,0.0,heater,0.0
59.930774450302124,temperature,60.02,ctrSign,0.0,heater,0.0
59.96987199783325,Irms,0.07
60.43068313598633,temperature,60.12,ctrSign,0.0,heater,0.0
60.693169355392456,Irms,0.06
60.9305317401886,temperature,60.51,ctrSign,0.0,heater,0.0
61.41783261299133,Irms,0.08
61.437238693237305,temperature,60.42,ctrSign,0.0,heater,0.0
61.93122720718384,temperature,60.42,ctrSign,0.0,heater,0.0
62.14350342750549,Irms,0.1
62.43177938461304,temperature,60.78,ctrSign,0.0,heater,0.0
62.86918544769287,Irms,0.1
62.931944608688354,temperature,60.12,ctrSign,0.0,heater,0.0
63.431920766830444,temperature,60.32,ctrSign,0.0,heater,0.0
63.59390830993652,Irms,0.08
63.93242526054382,temperature,60.49,ctrSign,0.0,heater,0.0
64.31921601295471,Irms,0.08
64.43261098861694,temperature,60.37,ctrSign,0.0,heater,0.0
64.93258309364319,temperature,60.24,ctrSign,0.0,heater,0.0
65.04448223114014,Irms,0.08
65.43312668800354,temperature,60.59,ctrSign,0.0,heater,0.0
65.76997375488281,Irms,0.08
65.9332320690155,temperature,60.27,ctrSign,0.0,heater,0.0
66.43330788612366,temperature,60.32,ctrSign,0.0,heater,0.0
66.49499344825745,Irms,0.08
66.93285298347473,temperature,59.85,ctrSign,0.0,heater,0.0
67.22035932540894,Irms,0.08
67.4336428642273,temperature,60.54,ctrSign,0.0,heater,0.0
67.93355798721313,temperature,60.37,ctrSign,0.0,heater,0.0
67.9531819820404,Irms,0.08
68.4339017868042,temperature,60.42,ctrSign,0.0,heater,0.0
68.67081117630005,Irms,0.08
68.9343011379242,temperature,60.44,ctrSign,0.0,heater,0.0
69.39612817764282,Irms,0.08
69.43438196182251,temperature,60.51,ctrSign,0.0,heater,0.0
69.93406367301941,temperature,60.27,ctrSign,0.0,heater,0.0
70.12147831916809,Irms,0.08
70.434889793396,temperature,60.27,ctrSign,0.0,heater,0.0
70.84617066383362,Irms,0.08
70.93443417549133,temperature,61.12,ctrSign,0.0,heater,0.0
71.43527555465698,temperature,60.05,ctrSign,0.0,heater,0.0
71.57140111923218,Irms,0.08
71.9346432685852,temperature,60.1,ctrSign,0.0,heater,0.0
72.2972629070282,Irms,0.08
72.43531250953674,temperature,60.49,ctrSign,0.0,heater,0.0
72.93540501594543,temperature,60.34,ctrSign,0.0,heater,0.0
73.02294111251831,Irms,0.08
73.43558359146118,temperature,60.24,ctrSign,0.0,heater,0.0
73.74817705154419,Irms,0.09
73.93580102920532,temperature,60.27,ctrSign,0.0,heater,0.0
74.4356005191803,temperature,60.59,ctrSign,0.0,heater,0.0
74.47369694709778,Irms,0.09
74.93610978126526,temperature,60.44,ctrSign,0.0,heater,0.0
75.19863295555115,Irms,0.08
75.4368782043457,temperature,60.34,ctrSign,0.0,heater,0.0
75.9231481552124,Irms,0.09
75.94509172439575,temperature,60.34,ctrSign,0.0,heater,0.0
76.4368371963501,temperature,60.12,ctrSign,0.0,heater,0.0
76.64953446388245,Irms,0.09
76.93746209144592,temperature,60.2,ctrSign,0.0,heater,0.0
77.37462735176086,Irms,0.08
77.43763637542725,temperature,60.02,ctrSign,0.0,heater,0.0
77.93719124794006,temperature,60.27,ctrSign,0.0,heater,0.0
78.09936118125916,Irms,0.08
78.43789672851562,temperature,60.39,ctrSign,0.0,heater,0.0
78.82517910003662,Irms,0.07
78.93815064430237,temperature,59.63,ctrSign,0.0,heater,0.0
79.4386522769928,temperature,60.39,ctrSign,0.0,heater,0.0
79.550616979599,Irms,0.09
79.93873143196106,temperature,60.63,ctrSign,0.0,heater,0.0
80.27597403526306,Irms,0.09
80.43852090835571,temperature,60.22,ctrSign,0.0,heater,0.0
80.93869233131409,temperature,60.39,ctrSign,0.0,heater,0.0
81.00079107284546,Irms,0.07
81.43872785568237,temperature,59.88,ctrSign,0.0,heater,0.0
81.72590780258179,Irms,0.07
81.93882489204407,temperature,60.56,ctrSign,0.0,heater,0.0
82.4393994808197,temperature,60.37,ctrSign,0.0,heater,0.0
82.45171117782593,Irms,0.07
82.93925309181213,temperature,60.32,ctrSign,0.0,heater,0.0
83.17754220962524,Irms,0.08
83.4397485256195,temperature,59.93,ctrSign,0.0,heater,0.0
83.9020209312439,Irms,0.08
83.93924927711487,temperature,60.37,ctrSign,0.0,heater,0.0
84.44062662124634,temperature,60.15,ctrSign,0.0,heater,0.0
84.62819123268127,Irms,0.07
84.94058561325073,temperature,60.49,ctrSign,0.0,heater,0.0
85.35332894325256,Irms,0.07
85.44079422950745,temperature,60.42,ctrSign,0.0,heater,0.0
85.94097089767456,temperature,60.37,ctrSign,0.0,heater,0.0
86.07911086082458,Irms,0.08
86.44115042686462,temperature,60.32,ctrSign,0.0,heater,0.0
86.80428791046143,Irms,0.08
86.94128584861755,temperature,60.27,ctrSign,0.0,heater,0.0
87.44103455543518,temperature,60.29,ctrSign,0.0,heater,0.0
87.52981805801392,Irms,0.07
87.94174289703369,temperature,60.39,ctrSign,0.0,heater,0.0
88.25498938560486,Irms,0.07
88.44160985946655,temperature,60.42,ctrSign,0.0,heater,0.0
88.94189929962158,temperature,60.34,ctrSign,0.0,heater,0.0
88.97999715805054,Irms,0.06
89.44202518463135,temperature,60.12,ctrSign,0.0,heater,0.0
89.70521569252014,Irms,0.07
89.94256234169006,temperature,60.39,ctrSign,0.0,heater,0.0
90.43065285682678,Irms,0.08
90.4507577419281,temperature,60.15,ctrSign,0.0,heater,0.0
90.9428448677063,temperature,59.98,ctrSign,0.0,heater,0.0
91.15591478347778,Irms,0.08
91.44264030456543,temperature,60.0,ctrSign,0.0,heater,0.0
91.88118505477905,Irms,0.08
91.94339370727539,temperature,60.37,ctrSign,0.0,heater,0.0
92.44377660751343,temperature,60.27,ctrSign,0.0,heater,0.0
92.60671806335449,Irms,0.08
92.94344162940979,temperature,60.42,ctrSign,0.0,heater,0.0
93.3319959640503,Irms,0.09
93.44380187988281,temperature,60.34,ctrSign,0.0,heater,0.0
93.94388175010681,temperature,60.05,ctrSign,0.0,heater,0.0
94.05709886550903,Irms,0.07
94.44448399543762,temperature,60.02,ctrSign,0.0,heater,0.0
94.78270316123962,Irms,0.07
94.94450092315674,temperature,60.37,ctrSign,0.0,heater,0.0
95.44452905654907,temperature,60.15,ctrSign,0.0,heater,0.0
95.50771927833557,Irms,0.08
95.9442241191864,temperature,60.22,ctrSign,0.0,heater,0.0
96.23271989822388,Irms,0.06
96.44422650337219,temperature,60.37,ctrSign,0.0,heater,0.0
96.94511461257935,temperature,60.32,ctrSign,0.0,heater,0.0
96.9608736038208,Irms,0.07
97.44492864608765,temperature,60.2,ctrSign,0.0,heater,0.0
97.68393993377686,Irms,0.06
97.94569802284241,temperature,59.9,ctrSign,0.0,heater,0.0
98.40972828865051,Irms,0.08
98.44570708274841,temperature,60.24,ctrSign,0.0,heater,0.0
98.94590306282043,temperature,60.39,ctrSign,0.0,heater,0.0
99.13483023643494,Irms,0.08
99.44567131996155,temperature,60.27,ctrSign,0.0,heater,0.0
99.85980606079102,Irms,0.08
99.9457905292511,temperature,59.93,ctrSign,0.0,heater,0.0
100.44638991355896,temperature,60.0,ctrSign,0.0,heater,0.0
100.58555769920349,Irms,0.09
100.94657063484192,temperature,60.2,ctrSign,0.0,heater,0.0
101.31091523170471,Irms,0.09
101.4464864730835,temperature,60.02,ctrSign,0.0,heater,0.0
101.94686818122864,temperature,60.17,ctrSign,0.0,heater,0.0
102.03593873977661,Irms,0.08
102.44786238670349,temperature,60.17,ctrSign,0.0,heater,0.0
102.7615602016449,Irms,0.09
102.94759273529053,temperature,60.27,ctrSign,0.0,heater,0.0
103.44774127006531,temperature,60.22,ctrSign,0.0,heater,0.0
103.4866931438446,Irms,0.09
103.94721984863281,temperature,60.07,ctrSign,0.0,heater,0.0
104.21171832084656,Irms,0.09
104.44851541519165,temperature,60.05,ctrSign,0.0,heater,0.0
104.93757581710815,Irms,0.1
104.95736742019653,temperature,59.83,ctrSign,0.0,heater,0.0
105.44932651519775,temperature,60.12,ctrSign,0.0,heater,0.0
105.66253566741943,Irms,0.09
105.94928812980652,temperature,60.24,ctrSign,0.0,heater,0.0
106.38836526870728,Irms,0.1
106.44901967048645,temperature,60.22,ctrSign,0.0,heater,0.0
106.9488172531128,temperature,60.32,ctrSign,0.0,heater,0.0
107.11301445960999,Irms,0.1
107.44989037513733,temperature,59.9,ctrSign,0.0,heater,0.0
107.83880710601807,Irms,0.09
107.94987654685974,temperature,60.05,ctrSign,0.0,heater,0.0
108.44969081878662,temperature,59.93,ctrSign,0.0,heater,0.0
108.5641508102417,Irms,0.09
108.95028185844421,temperature,60.05,ctrSign,0.0,heater,0.0
109.28933882713318,Irms,0.08
109.45019268989563,temperature,60.24,ctrSign,0.0,heater,0.0
109.95026588439941,temperature,59.49,ctrSign,0.0,heater,0.0
110.01526618003845,Irms,0.09
110.45109272003174,temperature,60.07,ctrSign,0.0,heater,0.0
110.74026799201965,Irms,0.09
110.95116233825684,temperature,59.93,ctrSign,0.0,heater,0.0
111.45082831382751,temperature,59.9,ctrSign,0.0,heater,0.0
111.49581718444824,Irms,0.09
111.95120096206665,temperature,59.68,ctrSign,0.0,heater,0.0
112.19110441207886,Irms,0.09
112.45182037353516,temperature,59.51,ctrSign,0.0,heater,0.0
112.91651439666748,Irms,0.08
112.95229125022888,temperature,59.95,ctrSign,0.0,heater,0.0
113.45222520828247,temperature,59.85,ctrSign,0.0,heater,0.0
113.64097619056702,Irms,0.08
113.95203423500061,temperature,59.61,ctrSign,0.0,heater,0.0
114.36688470840454,Irms,0.08
114.4519395828247,temperature,59.58,ctrSign,0.0,heater,0.0
114.9529037475586,temperature,59.71,ctrSign,0.0,heater,0.0
115.09233975410461,Irms,0.08
115.45320010185242,temperature,59.88,ctrSign,0.0,heater,0.0
115.81746196746826,Irms,0.08
115.95254397392273,temperature,59.44,ctrSign,0.0,heater,0.0
116.45346641540527,temperature,59.85,ctrSign,0.0,heater,0.0
116.5425317287445,Irms,0.08
116.95348596572876,temperature,59.54,ctrSign,0.0,heater,0.0
117.26856327056885,Irms,0.08
117.45340156555176,temperature,59.71,ctrSign,0.0,heater,0.0
117.95413374900818,temperature,59.34,ctrSign,0.0,heater,0.0
117.99516367912292,Irms,0.08
118.45333361625671,temperature,59.66,ctrSign,0.0,heater,0.0
118.7192735671997,Irms,0.08
118.9546844959259,temperature,59.51,ctrSign,0.0,heater,0.0
119.44396495819092,Irms,0.08
119.4664671421051,temperature,59.15,ctrSign,0.0,heater,0.0
119.95479702949524,temperature,59.73,ctrSign,0.0,heater,0.0
120.16937756538391,Irms,0.07
120.45501685142517,temperature,59.73,ctrSign,0.0,heater,0.0
120.89489912986755,Irms,0.08
120.9553918838501,temperature,59.71,ctrSign,0.0,heater,0.0
121.45540499687195,temperature,59.88,ctrSign,0.0,heater,0.0
121.61969232559204,Irms,0.09
121.95555543899536,temperature,59.54,ctrSign,0.0,heater,0.0
122.3453061580658,Irms,0.08
122.45550346374512,temperature,59.51,ctrSign,0.0,heater,0.0
122.95573306083679,temperature,58.51,ctrSign,0.0,heater,0.0
123.07087445259094,Irms,0.08
123.45616126060486,temperature,59.32,ctrSign,0.0,heater,0.0
123.79641509056091,Irms,0.08
123.95615816116333,temperature,59.34,ctrSign,0.0,heater,0.0
124.45657539367676,temperature,59.63,ctrSign,0.0,heater,0.0
124.52164220809937,Irms,0.07
124.95669412612915,temperature,59.44,ctrSign,0.0,heater,0.0
125.24743318557739,Irms,0.07
125.45613670349121,temperature,59.41,ctrSign,0.0,heater,0.0
125.9570882320404,temperature,59.24,ctrSign,0.0,heater,0.0
125.9857234954834,Irms,0.07
126.45752811431885,temperature,59.71,ctrSign,0.0,heater,0.0
126.69768691062927,Irms,0.07
126.95752763748169,temperature,59.37,ctrSign,0.0,heater,0.0
127.42295289039612,Irms,0.07
127.45690774917603,temperature,59.27,ctrSign,0.0,heater,0.0
127.95699858665466,temperature,59.71,ctrSign,0.0,heater,0.0
128.14955496788025,Irms,0.07
128.45764923095703,temperature,59.17,ctrSign,0.0,heater,0.0
128.87442135810852,Irms,0.07
128.9574155807495,temperature,59.49,ctrSign,0.0,heater,0.0
129.45839881896973,temperature,59.98,ctrSign,0.0,heater,0.0
129.59966015815735,Irms,0.07
129.95792412757874,temperature,59.24,ctrSign,0.0,heater,0.0
130.32494735717773,Irms,0.07
130.45850205421448,temperature,59.54,ctrSign,0.0,heater,0.0
130.95886826515198,temperature,59.61,ctrSign,0.0,heater,0.0
131.05079078674316,Irms,0.07
131.45858812332153,temperature,59.32,ctrSign,0.0,heater,0.0
131.77647614479065,Irms,0.07
131.95916271209717,temperature,59.1,ctrSign,0.0,heater,0.0
132.45941925048828,temperature,59.32,ctrSign,0.0,heater,0.0
132.50146794319153,Irms,0.07
132.95939183235168,temperature,58.97,ctrSign,0.0,heater,0.0
133.22797203063965,Irms,0.07
133.45983123779297,temperature,58.78,ctrSign,0.0,heater,0.0
133.95255279541016,Irms,0.06
133.96883821487427,temperature,59.54,ctrSign,0.0,heater,0.0
134.46011877059937,temperature,59.22,ctrSign,0.0,heater,0.0
134.6775004863739,Irms,0.08
134.9606249332428,temperature,59.58,ctrSign,0.0,heater,0.0
135.4040834903717,Irms,0.08
135.46076560020447,temperature,59.32,ctrSign,0.0,heater,0.0
135.96103763580322,temperature,59.68,ctrSign,0.0,heater,0.0
136.1294276714325,Irms,0.07
136.46117854118347,temperature,59.85,ctrSign,0.0,heater,0.0
136.85471177101135,Irms,0.07
136.9609146118164,temperature,58.71,ctrSign,0.0,heater,0.0
137.46108055114746,temperature,59.24,ctrSign,0.0,heater,0.0
137.5805151462555,Irms,0.07
137.96089434623718,temperature,59.29,ctrSign,0.0,heater,0.0
138.30624055862427,Irms,0.08
138.46180868148804,temperature,59.49,ctrSign,0.0,heater,0.0
138.96185994148254,temperature,59.29,ctrSign,0.0,heater,0.0
139.03170490264893,Irms,0.07
139.46148872375488,temperature,59.24,ctrSign,0.0,heater,0.0
139.75697112083435,Irms,0.07
139.96190667152405,temperature,59.44,ctrSign,0.0,heater,0.0
140.46247959136963,temperature,59.07,ctrSign,0.0,heater,0.0
140.501074552536,Irms,0.06
140.96261048316956,temperature,59.12,ctrSign,0.0,heater,0.0
141.20795559883118,Irms,0.07
141.46246790885925,temperature,59.24,ctrSign,0.0,heater,0.0
141.93356919288635,Irms,0.08
141.97451424598694,temperature,58.73,ctrSign,0.0,heater,0.0
142.46259689331055,temperature,59.15,ctrSign,0.0,heater,0.0
142.65899276733398,Irms,0.08
142.96297144889832,temperature,59.15,ctrSign,0.0,heater,0.0
143.38443565368652,Irms,0.07
143.4630525112152,temperature,58.88,ctrSign,0.0,heater,0.0
143.9633686542511,temperature,59.46,ctrSign,0.0,heater,0.0
144.10991740226746,Irms,0.07
144.46320390701294,temperature,59.29,ctrSign,0.0,heater,0.0
144.83467864990234,Irms,0.07
144.96422719955444,temperature,58.97,ctrSign,0.0,heater,0.0
145.46388697624207,temperature,59.46,ctrSign,0.0,heater,0.0
145.56074380874634,Irms,0.07
145.96453261375427,temperature,58.97,ctrSign,0.0,heater,0.0
146.28606295585632,Irms,0.08
146.46426963806152,temperature,59.54,ctrSign,0.0,heater,0.0
146.96473121643066,temperature,59.37,ctrSign,0.0,heater,0.0
147.0114290714264,Irms,0.09
147.46469640731812,temperature,59.02,ctrSign,0.0,heater,0.0
147.73640275001526,Irms,0.09
147.96474528312683,temperature,59.22,ctrSign,0.0,heater,0.0
148.46329069137573,Irms,0.08
148.48882603645325,temperature,58.9,ctrSign,0.0,heater,0.0
148.96605849266052,temperature,59.17,ctrSign,0.0,heater,0.0
149.1878101825714,Irms,0.08
149.46617031097412,temperature,58.75,ctrSign,0.0,heater,0.0
149.91347360610962,Irms,0.08
149.96614813804626,temperature,58.9,ctrSign,0.0,heater,0.0
150.46597695350647,temperature,59.19,ctrSign,0.0,heater,0.0
150.63906025886536,Irms,0.07
150.96688437461853,temperature,59.41,ctrSign,0.0,heater,0.0
151.36422777175903,Irms,0.08
151.46727585792542,temperature,58.88,ctrSign,0.0,heater,0.0
151.96667504310608,temperature,59.46,ctrSign,0.0,heater,0.0
152.08990716934204,Irms,0.09
152.46698021888733,temperature,58.95,ctrSign,0.0,heater,0.0
152.8151626586914,Irms,0.08
152.9666805267334,temperature,59.17,ctrSign,0.0,heater,0.0
153.46744632720947,temperature,59.0,ctrSign,0.0,heater,0.0
153.54107570648193,Irms,0.09
153.9677927494049,temperature,58.95,ctrSign,0.0,heater,0.0
154.2664246559143,Irms,0.09
154.46809363365173,temperature,58.78,ctrSign,0.0,heater,0.0
154.96781992912292,temperature,58.97,ctrSign,0.0,heater,0.0
155.01484632492065,Irms,0.09
155.4677493572235,temperature,58.68,ctrSign,0.0,heater,0.0
155.71776819229126,Irms,0.1
155.96802282333374,temperature,59.24,ctrSign,0.0,heater,0.0
156.44278383255005,Irms,0.09
156.48158359527588,temperature,58.83,ctrSign,0.0,heater,0.0
156.96858096122742,temperature,58.88,ctrSign,0.0,heater,0.0
157.16880917549133,Irms,0.08
157.4684338569641,temperature,59.27,ctrSign,0.0,heater,0.0
157.89435958862305,Irms,0.09
157.96923160552979,temperature,59.1,ctrSign,0.0,heater,0.0
158.46946573257446,temperature,58.97,ctrSign,0.0,heater,0.0
158.6200771331787,Irms,0.08
158.96942353248596,temperature,59.17,ctrSign,0.0,heater,0.0
159.34537148475647,Irms,0.09
159.46982049942017,temperature,58.88,ctrSign,0.0,heater,0.0
159.96996116638184,temperature,59.29,ctrSign,0.0,heater,0.0
160.07056951522827,Irms,0.09
160.46995210647583,temperature,58.44,ctrSign,0.0,heater,0.0
160.7964358329773,Irms,0.09
160.96986269950867,temperature,58.85,ctrSign,0.0,heater,0.0
161.46988558769226,temperature,58.85,ctrSign,0.0,heater,0.0
161.5218939781189,Irms,0.08
161.97054958343506,temperature,58.61,ctrSign,0.0,heater,0.0
162.24717831611633,Irms,0.07
162.4706552028656,temperature,58.95,ctrSign,0.0,heater,0.0
162.97236847877502,temperature,58.9,ctrSign,0.0,heater,0.0
162.99827408790588,Irms,0.08
163.47085428237915,temperature,58.56,ctrSign,0.0,heater,0.0
163.69842982292175,Irms,0.09
163.97138857841492,temperature,59.32,ctrSign,0.0,heater,0.0
164.4232439994812,Irms,0.08
164.47092247009277,temperature,59.05,ctrSign,0.0,heater,0.0
164.97202229499817,temperature,58.46,ctrSign,0.0,heater,0.0
165.14838814735413,Irms,0.08
165.47179532051086,temperature,58.8,ctrSign,0.0,heater,0.0
165.87347888946533,Irms,0.1
165.97206807136536,temperature,58.9,ctrSign,0.0,heater,0.0
166.47241020202637,temperature,58.85,ctrSign,0.0,heater,0.0
166.59986209869385,Irms,0.1
166.97255730628967,temperature,59.37,ctrSign,0.0,heater,0.0
167.32483410835266,Irms,0.1
167.4726219177246,temperature,58.71,ctrSign,0.0,heater,0.0
167.97286891937256,temperature,58.88,ctrSign,0.0,heater,0.0
168.05010986328125,Irms,0.1
168.47307920455933,temperature,58.8,ctrSign,0.0,heater,0.0
168.77582597732544,Irms,0.09
168.97305536270142,temperature,59.12,ctrSign,0.0,heater,0.0
169.4730052947998,temperature,58.85,ctrSign,0.0,heater,0.0
169.5288987159729,Irms,0.11
169.97365880012512,temperature,58.85,ctrSign,0.0,heater,0.0
170.2269105911255,Irms,0.09
170.47307705879211,temperature,58.88,ctrSign,0.0,heater,0.0
170.9518518447876,Irms,0.09
170.98688459396362,temperature,59.0,ctrSign,0.0,heater,0.0
171.47420525550842,temperature,59.07,ctrSign,0.0,heater,0.0
171.67718386650085,Irms,0.1
171.97402596473694,temperature,58.49,ctrSign,0.0,heater,0.0
172.40305709838867,Irms,0.1
172.47445273399353,temperature,58.83,ctrSign,0.0,heater,0.0
172.97492146492004,temperature,58.88,ctrSign,0.0,heater,0.0
173.12734413146973,Irms,0.09
173.47510194778442,temperature,59.15,ctrSign,0.0,heater,0.0
173.85345196723938,Irms,0.09
173.97504544258118,temperature,58.97,ctrSign,0.0,heater,0.0
174.4749140739441,temperature,58.78,ctrSign,0.0,heater,0.0
174.57886791229248,Irms,0.1
174.97561168670654,temperature,58.95,ctrSign,0.0,heater,0.0
175.3040521144867,Irms,0.09
175.47583889961243,temperature,58.9,ctrSign,0.0,heater,0.0
175.97523498535156,temperature,58.61,ctrSign,0.0,heater,0.0
176.02914142608643,Irms,0.08
176.47621130943298,temperature,58.97,ctrSign,0.0,heater,0.0
176.75482177734375,Irms,0.07
176.9761552810669,temperature,58.8,ctrSign,0.0,heater,0.0
177.47592568397522,temperature,58.93,ctrSign,0.0,heater,0.0
177.5034077167511,Irms,0.08
177.9764654636383,temperature,58.8,ctrSign,0.0,heater,0.0
178.20558762550354,Irms,0.08
178.4771249294281,temperature,58.8,ctrSign,0.0,heater,0.0
178.9307713508606,Irms,0.09
178.97699856758118,temperature,58.63,ctrSign,0.0,heater,0.0
179.4775252342224,temperature,58.61,ctrSign,0.0,heater,0.0
179.65629315376282,Irms,0.08
179.97750663757324,temperature,58.83,ctrSign,0.0,heater,0.0
180.3814070224762,Irms,0.07
180.47689390182495,temperature,58.83,ctrSign,0.0,heater,0.0
180.97797846794128,temperature,58.53,ctrSign,0.0,heater,0.0
181.1069827079773,Irms,0.08
181.47792625427246,temperature,58.66,ctrSign,0.0,heater,0.0
181.8321762084961,Irms,0.07
181.9779498577118,temperature,58.9,ctrSign,0.0,heater,0.0
182.47852683067322,temperature,58.68,ctrSign,0.0,heater,0.0
182.5574028491974,Irms,0.08
182.97901916503906,temperature,58.49,ctrSign,0.0,heater,0.0
183.28304862976074,Irms,0.07
183.47816109657288,temperature,58.73,ctrSign,0.0,heater,0.0
183.97880864143372,temperature,59.05,ctrSign,0.0,heater,0.0
184.0289590358734,Irms,0.06
184.47886991500854,temperature,58.63,ctrSign,0.0,heater,0.0
184.73328304290771,Irms,0.08
184.97913455963135,temperature,58.39,ctrSign,0.0,heater,0.0
185.45810222625732,Irms,0.08
185.4921269416809,temperature,58.78,ctrSign,0.0,heater,0.0
185.9796347618103,temperature,58.73,ctrSign,0.0,heater,0.0
186.18398928642273,Irms,0.09
186.4803102016449,temperature,58.44,ctrSign,0.0,heater,0.0
186.90859031677246,Irms,0.08
186.98060870170593,temperature,58.56,ctrSign,0.0,heater,0.0
187.4802746772766,temperature,58.58,ctrSign,0.0,heater,0.0
187.633469581604,Irms,0.08
187.98050904273987,temperature,58.66,ctrSign,0.0,heater,0.0
188.35833382606506,Irms,0.07
188.48105001449585,temperature,58.22,ctrSign,0.0,heater,0.0
188.98130416870117,temperature,58.68,ctrSign,0.0,heater,0.0
189.08460664749146,Irms,0.07
189.48103046417236,temperature,58.88,ctrSign,0.0,heater,0.0
189.80960297584534,Irms,0.08
189.9810266494751,temperature,58.8,ctrSign,0.0,heater,0.0
190.48099946975708,temperature,59.19,ctrSign,0.0,heater,0.0
190.5354242324829,Irms,0.08
190.9819278717041,temperature,58.93,ctrSign,0.0,heater,0.0
191.25993084907532,Irms,0.09
191.48183751106262,temperature,58.73,ctrSign,0.0,heater,0.0
191.98251056671143,temperature,58.51,ctrSign,0.0,heater,0.0
192.00410342216492,Irms,0.08
192.4819061756134,temperature,58.56,ctrSign,0.0,heater,0.0
192.71165657043457,Irms,0.07
192.9823660850525,temperature,58.88,ctrSign,0.0,heater,0.0
193.43595552444458,Irms,0.08
193.48229455947876,temperature,58.63,ctrSign,0.0,heater,0.0
193.98267459869385,temperature,58.44,ctrSign,0.0,heater,0.0
194.16142463684082,Irms,0.07
194.48311257362366,temperature,58.49,ctrSign,0.0,heater,0.0
194.88637018203735,Irms,0.08
194.9829387664795,temperature,58.36,ctrSign,0.0,heater,0.0
195.4831771850586,temperature,58.14,ctrSign,0.0,heater,0.0
195.6117250919342,Irms,0.09
195.98366975784302,temperature,58.24,ctrSign,0.0,heater,0.0
196.33644270896912,Irms,0.08
196.48288941383362,temperature,58.24,ctrSign,0.0,heater,0.0
196.98356294631958,temperature,58.56,ctrSign,0.0,heater,0.0
197.06234622001648,Irms,0.07
197.48292589187622,temperature,58.46,ctrSign,0.0,heater,0.0
197.78705072402954,Irms,0.06
197.98397755622864,temperature,58.41,ctrSign,0.0,heater,0.0
198.48474311828613,temperature,58.56,ctrSign,0.0,heater,0.0
198.51799821853638,Irms,0.08
198.98451614379883,temperature,58.49,ctrSign,0.0,heater,0.0
199.2381145954132,Irms,0.08
199.48463368415833,temperature,58.68,ctrSign,0.0,heater,0.0
199.96261930465698,Irms,0.08
199.99472045898438,temperature,58.44,ctrSign,0.0,heater,0.0
200.4854543209076,temperature,58.66,ctrSign,0.0,heater,0.0
200.68813300132751,Irms,0.08
200.98576259613037,temperature,58.53,ctrSign,0.0,heater,0.0
201.41304445266724,Irms,0.06
201.4859664440155,temperature,58.71,ctrSign,0.0,heater,0.0
201.98634600639343,temperature,58.12,ctrSign,0.0,heater,0.0
202.13871908187866,Irms,0.08
202.48605608940125,temperature,58.56,ctrSign,0.0,heater,0.0
202.8634376525879,Irms,0.08
202.98649072647095,temperature,58.63,ctrSign,0.0,heater,0.0
203.48663353919983,temperature,58.39,ctrSign,0.0,heater,0.0
203.58936595916748,Irms,0.08
203.98641514778137,temperature,58.46,ctrSign,0.0,heater,0.0
204.31425166130066,Irms,0.07
204.4866943359375,temperature,58.56,ctrSign,0.0,heater,0.0
204.98775959014893,temperature,58.56,ctrSign,0.0,heater,0.0
205.03960180282593,Irms,0.08
205.48724722862244,temperature,58.51,ctrSign,0.0,heater,0.0
205.76467442512512,Irms,0.07
205.98693871498108,temperature,58.17,ctrSign,0.0,heater,0.0
206.49000310897827,temperature,58.61,ctrSign,0.0,heater,0.0
206.51178646087646,Irms,0.07
206.98813033103943,temperature,58.53,ctrSign,0.0,heater,0.0
207.21505403518677,Irms,0.08
207.4882116317749,temperature,58.22,ctrSign,0.0,heater,0.0
207.93947052955627,Irms,0.09
207.98846673965454,temperature,58.0,ctrSign,0.0,heater,0.0
208.488272190094,temperature,58.49,ctrSign,0.0,heater,0.0
208.6655592918396,Irms,0.08
208.9890329837799,temperature,58.71,ctrSign,0.0,heater,0.0
209.38998126983643,Irms,0.08
209.48891234397888,temperature,58.49,ctrSign,0.0,heater,0.0
209.98876786231995,temperature,58.63,ctrSign,0.0,heater,0.0
210.11591601371765,Irms,0.08
210.48876118659973,temperature,58.41,ctrSign,0.0,heater,0.0
210.84062099456787,Irms,0.1
210.9893569946289,temperature,58.58,ctrSign,0.0,heater,0.0
211.48972964286804,temperature,58.27,ctrSign,0.0,heater,0.0
211.56658911705017,Irms,0.09
211.98998737335205,temperature,58.53,ctrSign,0.0,heater,0.0
212.29196906089783,Irms,0.07
212.48989248275757,temperature,58.34,ctrSign,0.0,heater,0.0
212.99015164375305,temperature,58.51,ctrSign,0.0,heater,0.0
213.04076600074768,Irms,0.07
213.49004983901978,temperature,58.44,ctrSign,0.0,heater,0.0
213.74173879623413,Irms,0.08
213.99026131629944,temperature,59.9,ctrSign,0.0,heater,0.0
214.4669873714447,Irms,0.07
214.503178358078,temperature,58.14,ctrSign,0.0,heater,0.0
214.99065518379211,temperature,58.39,ctrSign,0.0,heater,0.0
215.19281101226807,Irms,0.08
215.49082469940186,temperature,58.58,ctrSign,0.0,heater,0.0
215.91712617874146,Irms,0.08
215.99129438400269,temperature,58.78,ctrSign,0.0,heater,0.0
216.4918510913849,temperature,58.51,ctrSign,0.0,heater,0.0
216.6428039073944,Irms,0.07
216.99187302589417,temperature,58.02,ctrSign,0.0,heater,0.0
217.36780095100403,Irms,0.07
217.49195909500122,temperature,58.0,ctrSign,0.0,heater,0.0
217.99240827560425,temperature,58.39,ctrSign,0.0,heater,0.0
218.093035697937,Irms,0.08
218.49182033538818,temperature,58.46,ctrSign,0.0,heater,0.0
218.81899428367615,Irms,0.07
218.9923677444458,temperature,58.49,ctrSign,0.0,heater,0.0
219.49277329444885,temperature,58.1,ctrSign,0.0,heater,0.0
219.54380655288696,Irms,0.06
219.99317145347595,temperature,58.53,ctrSign,0.0,heater,0.0
220.26902866363525,Irms,0.08
220.49289321899414,temperature,58.61,ctrSign,0.0,heater,0.0
220.99365067481995,temperature,58.19,ctrSign,0.0,heater,0.0
221.01368737220764,Irms,0.09
221.49372172355652,temperature,58.29,ctrSign,0.0,heater,0.0
221.71891331672668,Irms,0.1
221.99384713172913,temperature,58.68,ctrSign,0.0,heater,0.0
222.4442207813263,Irms,0.11
222.4937846660614,temperature,58.66,ctrSign,0.0,heater,0.0
222.99442958831787,temperature,58.24,ctrSign,0.0,heater,0.0
223.1698772907257,Irms,0.11
223.49456548690796,temperature,58.22,ctrSign,0.0,heater,0.0
223.89497017860413,Irms,0.11
223.9949245452881,temperature,58.51,ctrSign,0.0,heater,0.0
224.4944725036621,temperature,58.29,ctrSign,0.0,heater,0.0
224.62030601501465,Irms,0.1
224.99491810798645,temperature,58.32,ctrSign,0.0,heater,0.0
225.3451669216156,Irms,0.1
225.49523615837097,temperature,58.0,ctrSign,0.0,heater,0.0
225.99554014205933,temperature,58.51,ctrSign,0.0,heater,0.0
226.06997847557068,Irms,0.1
226.49517130851746,temperature,58.51,ctrSign,0.0,heater,0.0
226.79550504684448,Irms,0.1
226.99601554870605,temperature,58.19,ctrSign,0.0,heater,0.0
227.49618935585022,temperature,58.36,ctrSign,0.0,heater,0.0
227.54126715660095,Irms,0.1
227.9967679977417,temperature,58.49,ctrSign,0.0,heater,0.0
228.24590039253235,Irms,0.07
228.4965214729309,temperature,58.32,ctrSign,0.0,heater,0.0
228.97104573249817,Irms,0.08
229.0071074962616,temperature,58.46,ctrSign,0.0,heater,0.0
229.49650192260742,temperature,58.39,ctrSign,0.0,heater,0.0
229.69590735435486,Irms,0.08
229.9972960948944,temperature,58.32,ctrSign,0.0,heater,0.0
230.42067408561707,Irms,0.07
230.4974398612976,temperature,58.46,ctrSign,0.0,heater,0.0
230.99726510047913,temperature,57.78,ctrSign,0.0,heater,0.0
231.14534282684326,Irms,0.07
231.49773955345154,temperature,58.24,ctrSign,0.0,heater,0.0
231.87076139450073,Irms,0.06
231.99786686897278,temperature,58.17,ctrSign,0.0,heater,0.0
232.4980504512787,temperature,58.44,ctrSign,0.0,heater,0.0
232.59649085998535,Irms,0.06
232.99832677841187,temperature,58.24,ctrSign,0.0,heater,0.0
233.32125306129456,Irms,0.08
233.49812006950378,temperature,58.24,ctrSign,0.0,heater,0.0
233.9979920387268,temperature,58.34,ctrSign,0.0,heater,0.0
234.04629850387573,Irms,0.07
234.4984130859375,temperature,58.56,ctrSign,0.0,heater,0.0
234.77207565307617,Irms,0.08
234.99947476387024,temperature,58.58,ctrSign,0.0,heater,0.0
235.49740719795227,Irms,0.08
235.5247311592102,temperature,58.1,ctrSign,0.0,heater,0.0
235.99909257888794,temperature,57.9,ctrSign,0.0,heater,0.0
236.2218794822693,Irms,0.08
236.4998288154602,temperature,58.07,ctrSign,0.0,heater,0.0
236.94725561141968,Irms,0.08
236.9995572566986,temperature,58.58,ctrSign,0.0,heater,0.0
237.4995732307434,temperature,58.02,ctrSign,0.0,heater,0.0
237.67219614982605,Irms,0.07
238.00038719177246,temperature,58.07,ctrSign,0.0,heater,0.0
238.39704775810242,Irms,0.08
238.5005645751953,temperature,58.17,ctrSign,0.0,heater,0.0
239.00082278251648,temperature,58.49,ctrSign,0.0,heater,0.0
239.12272024154663,Irms,0.06
239.5010335445404,temperature,58.32,ctrSign,0.0,heater,0.0
239.84698724746704,Irms,0.07
240.00099301338196,temperature,58.07,ctrSign,0.0,heater,0.0
240.50152444839478,temperature,58.24,ctrSign,0.0,heater,0.0
240.57271265983582,Irms,0.07
241.00183749198914,temperature,58.02,ctrSign,0.0,heater,0.0
241.29774832725525,Irms,0.08
241.5014889240265,temperature,58.83,ctrSign,0.0,heater,0.0
242.00186228752136,temperature,58.41,ctrSign,0.0,heater,0.0
242.05468082427979,Irms,0.07
242.50205731391907,temperature,57.8,ctrSign,0.0,heater,0.0
242.74781346321106,Irms,0.07
243.00197339057922,temperature,58.05,ctrSign,0.0,heater,0.0
243.47243762016296,Irms,0.07
243.5019690990448,temperature,58.19,ctrSign,0.0,heater,0.0
244.0022690296173,temperature,58.17,ctrSign,0.0,heater,0.0
244.19766354560852,Irms,0.07
244.5025110244751,temperature,58.19,ctrSign,0.0,heater,0.0
244.922997713089,Irms,0.07
245.00246596336365,temperature,58.1,ctrSign,0.0,heater,0.0
245.50325202941895,temperature,58.17,ctrSign,0.0,heater,0.0
245.6482994556427,Irms,0.08
246.0034441947937,temperature,58.32,ctrSign,0.0,heater,0.0
246.37349653244019,Irms,0.08
246.50381183624268,temperature,58.0,ctrSign,0.0,heater,0.0
247.0041024684906,temperature,57.95,ctrSign,0.0,heater,0.0
247.09858107566833,Irms,0.08
247.50447797775269,temperature,58.19,ctrSign,0.0,heater,0.0
247.82395362854004,Irms,0.08
248.00472736358643,temperature,57.68,ctrSign,0.0,heater,0.0
248.50441527366638,temperature,57.61,ctrSign,0.0,heater,0.0
248.55775475502014,Irms,0.08
249.00483870506287,temperature,58.05,ctrSign,0.0,heater,0.0
249.27389359474182,Irms,0.07
249.50485754013062,temperature,58.02,ctrSign,0.0,heater,0.0
249.99854254722595,Irms,0.07
250.0329782962799,temperature,57.9,ctrSign,0.0,heater,0.0
250.5054795742035,temperature,57.73,ctrSign,0.0,heater,0.0
250.7236545085907,Irms,0.07
251.00578260421753,temperature,57.95,ctrSign,0.0,heater,0.0
251.44873023033142,Irms,0.07
251.5062186717987,temperature,58.05,ctrSign,0.0,heater,0.0
252.00679636001587,temperature,57.83,ctrSign,0.0,heater,0.0
252.17370772361755,Irms,0.09
252.50648975372314,temperature,57.95,ctrSign,0.0,heater,0.0
252.89945220947266,Irms,0.08
253.0059633255005,temperature,57.9,ctrSign,0.0,heater,0.0
253.50654482841492,temperature,58.12,ctrSign,0.0,heater,0.0
253.62465262413025,Irms,0.08
254.0069065093994,temperature,58.19,ctrSign,0.0,heater,0.0
254.34972977638245,Irms,0.08
254.5065815448761,temperature,57.9,ctrSign,0.0,heater,0.0
255.00655460357666,temperature,58.1,ctrSign,0.0,heater,0.0
255.07477068901062,Irms,0.08
255.50723910331726,temperature,57.97,ctrSign,0.0,heater,0.0
255.79904580116272,Irms,0.08
256.0072672367096,temperature,57.73,ctrSign,0.0,heater,0.0
256.5076606273651,temperature,58.22,ctrSign,0.0,heater,0.0
256.53151845932007,Irms,0.08
257.0080716609955,temperature,57.9,ctrSign,0.0,heater,0.0
257.2491464614868,Irms,0.09
257.5077815055847,temperature,58.41,ctrSign,0.0,heater,0.0
257.9746253490448,Irms,0.07
258.0081169605255,temperature,57.8,ctrSign,0.0,heater,0.0
258.5084419250488,temperature,58.12,ctrSign,0.0,heater,0.0
258.6994059085846,Irms,0.08
259.01105427742004,temperature,57.7,ctrSign,0.0,heater,0.0
259.4250707626343,Irms,0.07
259.5093162059784,temperature,58.0,ctrSign,0.0,heater,0.0
260.0089783668518,temperature,57.97,ctrSign,0.0,heater,0.0
260.15027499198914,Irms,0.08
260.5089576244354,temperature,57.73,ctrSign,0.0,heater,0.0
260.87601375579834,Irms,0.09
261.0099058151245,temperature,58.32,ctrSign,0.0,heater,0.0
261.5091459751129,temperature,57.56,ctrSign,0.0,heater,0.0
261.60029196739197,Irms,0.08
262.01049065589905,temperature,58.02,ctrSign,0.0,heater,0.0
262.32594323158264,Irms,0.08
262.51029682159424,temperature,57.95,ctrSign,0.0,heater,0.0
263.0103130340576,temperature,57.75,ctrSign,0.0,heater,0.0
263.0550653934479,Irms,0.07
263.51087522506714,temperature,58.39,ctrSign,0.0,heater,0.0
263.77602458000183,Irms,0.08
264.0106291770935,temperature,57.83,ctrSign,0.0,heater,0.0
264.5012905597687,Irms,0.08
264.52429127693176,temperature,57.61,ctrSign,0.0,heater,0.0
265.01120162010193,temperature,57.95,ctrSign,0.0,heater,0.0
265.2266466617584,Irms,0.07
265.5117552280426,temperature,58.02,ctrSign,0.0,heater,0.0
265.95255303382874,Irms,0.07
266.0117914676666,temperature,58.07,ctrSign,0.0,heater,0.0
266.51206374168396,temperature,57.8,ctrSign,0.0,heater,0.0
266.6769196987152,Irms,0.07
267.01156282424927,temperature,57.85,ctrSign,0.0,heater,0.0
267.40256571769714,Irms,0.07
267.5119390487671,temperature,58.02,ctrSign,0.0,heater,0.0
268.0122299194336,temperature,57.73,ctrSign,0.0,heater,0.0
268.12823581695557,Irms,0.08
268.51253366470337,temperature,57.39,ctrSign,0.0,heater,0.0
268.85271739959717,Irms,0.08
269.01252484321594,temperature,57.73,ctrSign,0.0,heater,0.0
269.51295018196106,temperature,57.97,ctrSign,0.0,heater,0.0
269.57811737060547,Irms,0.08
270.0127520561218,temperature,57.63,ctrSign,0.0,heater,0.0
270.3040428161621,Irms,0.08
270.51316690444946,temperature,57.85,ctrSign,0.0,heater,0.0
271.01351952552795,temperature,58.0,ctrSign,0.0,heater,0.0
271.05749583244324,Irms,0.09
271.51416850090027,temperature,57.44,ctrSign,0.0,heater,0.0
271.7541003227234,Irms,0.07
272.0139193534851,temperature,58.12,ctrSign,0.0,heater,0.0
272.4787609577179,Irms,0.07
272.5222702026367,temperature,58.0,ctrSign,0.0,heater,0.0
273.0146486759186,temperature,58.14,ctrSign,0.0,heater,0.0
273.2039246559143,Irms,0.08
273.5145356655121,temperature,57.56,ctrSign,0.0,heater,0.0
273.9293954372406,Irms,0.08
274.0149350166321,temperature,57.73,ctrSign,0.0,heater,0.0
274.51525259017944,temperature,57.88,ctrSign,0.0,heater,0.0
274.65470838546753,Irms,0.07
275.0150589942932,temperature,57.46,ctrSign,0.0,heater,0.0
275.37952947616577,Irms,0.08
275.51561641693115,temperature,57.97,ctrSign,0.0,heater,0.0
276.01575469970703,temperature,57.68,ctrSign,0.0,heater,0.0
276.1047019958496,Irms,0.08
276.5164489746094,temperature,57.46,ctrSign,0.0,heater,0.0
276.8302974700928,Irms,0.07
277.01612544059753,temperature,57.85,ctrSign,0.0,heater,0.0
277.51666831970215,temperature,57.56,ctrSign,0.0,heater,0.0
277.55980253219604,Irms,0.08
278.0168709754944,temperature,57.97,ctrSign,0.0,heater,0.0
278.2810163497925,Irms,0.08
278.5171196460724,temperature,57.9,ctrSign,0.0,heater,0.0
279.0058972835541,Irms,0.08
279.0301055908203,temperature,57.66,ctrSign,0.0,heater,0.0
279.51693081855774,temperature,57.58,ctrSign,0.0,heater,0.0
279.73098945617676,Irms,0.09
280.01778864860535,temperature,57.88,ctrSign,0.0,heater,0.0
280.45672154426575,Irms,0.09
280.5174608230591,temperature,58.02,ctrSign,0.0,heater,0.0
281.01796078681946,temperature,57.63,ctrSign,0.0,heater,0.0
281.1814544200897,Irms,0.07
281.51819109916687,temperature,57.51,ctrSign,0.0,heater,0.0
281.90714383125305,Irms,0.06
282.01865005493164,temperature,57.48,ctrSign,0.0,heater,0.0
282.5181896686554,temperature,57.05,ctrSign,0.0,heater,0.0
282.632488489151,Irms,0.05
283.0187454223633,temperature,57.95,ctrSign,0.0,heater,0.0
283.3571889400482,Irms,0.06
283.5192058086395,temperature,57.8,ctrSign,0.0,heater,0.0
284.0186924934387,temperature,57.68,ctrSign,0.0,heater,0.0
284.08193159103394,Irms,0.07
284.5191423892975,temperature,57.46,ctrSign,0.0,heater,0.0
284.80717515945435,Irms,0.08
285.01978278160095,temperature,57.44,ctrSign,0.0,heater,0.0
285.5197536945343,temperature,57.41,ctrSign,0.0,heater,0.0
285.56017899513245,Irms,0.09
286.01991176605225,temperature,57.73,ctrSign,0.0,heater,0.0
286.2583975791931,Irms,0.08
286.520165681839,temperature,57.46,ctrSign,0.0,heater,0.0
286.9832742214203,Irms,0.08
287.03328919410706,temperature,57.92,ctrSign,0.0,heater,0.0
287.5208156108856,temperature,57.92,ctrSign,0.0,heater,0.0
287.7086548805237,Irms,0.08
288.0205430984497,temperature,57.63,ctrSign,0.0,heater,0.0
288.43345832824707,Irms,0.07
288.52049827575684,temperature,57.66,ctrSign,0.0,heater,0.0
289.02113676071167,temperature,57.41,ctrSign,0.0,heater,0.0
289.15925192832947,Irms,0.08
289.5213096141815,temperature,57.73,ctrSign,0.0,heater,0.0
289.88435554504395,Irms,0.07
290.02149391174316,temperature,57.88,ctrSign,0.0,heater,0.0
290.52132844924927,temperature,57.31,ctrSign,0.0,heater,0.0
290.60975527763367,Irms,0.07
291.02195382118225,temperature,57.56,ctrSign,0.0,heater,0.0
291.3348824977875,Irms,0.08
291.52230286598206,temperature,57.44,ctrSign,0.0,heater,0.0
292.02187609672546,temperature,57.78,ctrSign,0.0,heater,0.0
292.0757625102997,Irms,0.08
292.5225098133087,temperature,57.41,ctrSign,0.0,heater,0.0
292.7845320701599,Irms,0.08
293.022479057312,temperature,57.24,ctrSign,0.0,heater,0.0
293.5097372531891,Irms,0.09
293.54409408569336,temperature,57.61,ctrSign,0.0,heater,0.0
294.02295875549316,temperature,57.58,ctrSign,0.0,heater,0.0
294.23571014404297,Irms,0.09
294.5231776237488,temperature,58.02,ctrSign,0.0,heater,0.0
294.96062755584717,Irms,0.09
295.02308535575867,temperature,57.97,ctrSign,0.0,heater,0.0
295.5236849784851,temperature,57.09,ctrSign,0.0,heater,0.0
295.6862118244171,Irms,0.09
296.0239009857178,temperature,57.19,ctrSign,0.0,heater,0.0
296.411096572876,Irms,0.09
296.52451515197754,temperature,57.7,ctrSign,0.0,heater,0.0
297.02484798431396,temperature,57.39,ctrSign,0.0,heater,0.0
297.1355457305908,Irms,0.08
297.52466344833374,temperature,57.53,ctrSign,0.0,heater,0.0
297.8610899448395,Irms,0.08
298.02440643310547,temperature,57.7,ctrSign,0.0,heater,0.0
298.5248484611511,temperature,57.83,ctrSign,0.0,heater,0.0
298.5865330696106,Irms,0.07
299.02471446990967,temperature,57.53,ctrSign,0.0,heater,0.0
299.3119475841522,Irms,0.08
299.5248193740845,temperature,57.61,ctrSign,0.0,heater,0.0
300.02549481391907,temperature,57.12,ctrSign,0.0,heater,0.0
300.0718593597412,Irms,0.08
300.5257685184479,temperature,57.24,ctrSign,0.0,heater,0.0
300.7619659900665,Irms,0.07
301.0259153842926,temperature,57.8,ctrSign,0.0,heater,0.0
301.4871084690094,Irms,0.06
301.5258915424347,temperature,58.12,ctrSign,0.0,heater,0.0
302.02569341659546,temperature,57.41,ctrSign,0.0,heater,0.0
302.2128493785858,Irms,0.06
302.52634859085083,temperature,57.22,ctrSign,0.0,heater,0.0
302.937620639801,Irms,0.08
303.02603912353516,temperature,57.8,ctrSign,0.0,heater,0.0
303.52600955963135,temperature,57.44,ctrSign,0.0,heater,0.0
303.6635298728943,Irms,0.08
304.02700185775757,temperature,57.31,ctrSign,0.0,heater,0.0
304.38829350471497,Irms,0.08
304.5270800590515,temperature,57.51,ctrSign,0.0,heater,0.0
305.02709579467773,temperature,57.61,ctrSign,0.0,heater,0.0
305.1129570007324,Irms,0.09
305.52718019485474,temperature,57.26,ctrSign,0.0,heater,0.0
305.83832454681396,Irms,0.08
306.02722454071045,temperature,57.39,ctrSign,0.0,heater,0.0
306.5282847881317,temperature,57.0,ctrSign,0.0,heater,0.0
306.56375217437744,Irms,0.08
307.02805161476135,temperature,57.26,ctrSign,0.0,heater,0.0
307.28953433036804,Irms,0.08
307.5285234451294,temperature,57.31,ctrSign,0.0,heater,0.0
308.0141336917877,Irms,0.07
308.04043221473694,temperature,57.73,ctrSign,0.0,heater,0.0
308.52858114242554,temperature,57.12,ctrSign,0.0,heater,0.0
308.7395169734955,Irms,0.08
309.0290150642395,temperature,57.09,ctrSign,0.0,heater,0.0
309.4645276069641,Irms,0.09
309.52941131591797,temperature,57.22,ctrSign,0.0,heater,0.0
310.0295133590698,temperature,57.44,ctrSign,0.0,heater,0.0
310.1896884441376,Irms,0.09
310.52988600730896,temperature,57.14,ctrSign,0.0,heater,0.0
310.91506838798523,Irms,0.08
311.0295352935791,temperature,57.78,ctrSign,0.0,heater,0.0
311.53019738197327,temperature,57.19,ctrSign,0.0,heater,0.0
311.6393690109253,Irms,0.07
312.0300590991974,temperature,57.14,ctrSign,0.0,heater,0.0
312.36520171165466,Irms,0.08
312.5301423072815,temperature,57.41,ctrSign,0.0,heater,0.0
313.0308561325073,temperature,57.46,ctrSign,0.0,heater,0.0
313.0900685787201,Irms,0.08
313.5303637981415,temperature,57.34,ctrSign,0.0,heater,0.0
313.8158721923828,Irms,0.07
314.03069591522217,temperature,57.29,ctrSign,0.0,heater,0.0
314.53128957748413,temperature,57.31,ctrSign,0.0,heater,0.0
314.55346727371216,Irms,0.09
315.03191447257996,temperature,57.29,ctrSign,0.0,heater,0.0
315.26501059532166,Irms,0.08
315.5310263633728,temperature,57.36,ctrSign,0.0,heater,0.0
315.99068808555603,Irms,0.1
316.0315611362457,temperature,57.39,ctrSign,0.0,heater,0.0
316.5324282646179,temperature,57.44,ctrSign,0.0,heater,0.0
316.71577858924866,Irms,0.09
317.0327043533325,temperature,57.07,ctrSign,0.0,heater,0.0
317.44114232063293,Irms,0.09
317.5330111980438,temperature,57.19,ctrSign,0.0,heater,0.0
318.0329740047455,temperature,57.14,ctrSign,0.0,heater,0.0
318.16575860977173,Irms,0.09
318.53312373161316,temperature,57.44,ctrSign,0.0,heater,0.0
318.8909845352173,Irms,0.08
319.03334760665894,temperature,57.31,ctrSign,0.0,heater,0.0
319.5337085723877,temperature,57.24,ctrSign,0.0,heater,0.0
319.61679244041443,Irms,0.09
320.0333445072174,temperature,57.39,ctrSign,0.0,heater,0.0
320.34178352355957,Irms,0.09
320.53411293029785,temperature,57.09,ctrSign,0.0,heater,0.0
321.033828496933,temperature,57.41,ctrSign,0.0,heater,0.0
321.0808026790619,Irms,0.09
321.5339467525482,temperature,57.14,ctrSign,0.0,heater,0.0
321.7916615009308,Irms,0.09
322.03476428985596,temperature,57.51,ctrSign,0.0,heater,0.0
322.5170805454254,Irms,0.08
322.564471244812,temperature,57.12,ctrSign,0.0,heater,0.0
323.03458642959595,temperature,57.34,ctrSign,0.0,heater,0.0
323.241717338562,Irms,0.07
323.5352113246918,temperature,57.41,ctrSign,0.0,heater,0.0
323.96678495407104,Irms,0.07
324.0356523990631,temperature,57.12,ctrSign,0.0,heater,0.0
324.5354449748993,temperature,57.05,ctrSign,0.0,heater,0.0
324.69199800491333,Irms,0.09
325.0360872745514,temperature,57.07,ctrSign,0.0,heater,0.0
325.4176151752472,Irms,0.08
325.5353214740753,temperature,57.22,ctrSign,0.0,heater,0.0
326.0358679294586,temperature,57.17,ctrSign,0.0,heater,0.0
326.14279556274414,Irms,0.09
326.5360119342804,temperature,57.19,ctrSign,0.0,heater,0.0
326.86805963516235,Irms,0.1
327.03663897514343,temperature,57.07,ctrSign,0.0,heater,0.0
327.53700041770935,temperature,57.36,ctrSign,0.0,heater,0.0
327.59310245513916,Irms,0.1
328.0370304584503,temperature,56.95,ctrSign,0.0,heater,0.0
328.31774044036865,Irms,0.1
328.5368347167969,temperature,56.87,ctrSign,0.0,heater,0.0
329.0377278327942,temperature,57.12,ctrSign,0.0,heater,0.0
329.0745701789856,Irms,0.08
329.53779196739197,temperature,57.26,ctrSign,0.0,heater,0.0
329.76805448532104,Irms,0.07
330.03781938552856,temperature,57.0,ctrSign,0.0,heater,0.0
330.49290585517883,Irms,0.08
330.53789234161377,temperature,56.68,ctrSign,0.0,heater,0.0
331.03830218315125,temperature,57.05,ctrSign,0.0,heater,0.0
331.2179374694824,Irms,0.09
331.5379812717438,temperature,57.19,ctrSign,0.0,heater,0.0
331.9431257247925,Irms,0.09
332.0384695529938,temperature,57.19,ctrSign,0.0,heater,0.0
332.53873777389526,temperature,57.19,ctrSign,0.0,heater,0.0
332.6684067249298,Irms,0.09
333.0386621952057,temperature,57.05,ctrSign,0.0,heater,0.0
333.39364552497864,Irms,0.07
333.5384304523468,temperature,56.97,ctrSign,0.0,heater,0.0
334.03949904441833,temperature,57.02,ctrSign,0.0,heater,0.0
334.1187860965729,Irms,0.09
334.5390748977661,temperature,57.12,ctrSign,0.0,heater,0.0
334.84353160858154,Irms,0.08
335.03940296173096,temperature,57.12,ctrSign,0.0,heater,0.0
335.5400049686432,temperature,56.92,ctrSign,0.0,heater,0.0
335.581946849823,Irms,0.09
336.03986954689026,temperature,56.43,ctrSign,0.0,heater,0.0
336.29294538497925,Irms,0.09
336.54011583328247,temperature,57.02,ctrSign,0.0,heater,0.0
337.0177683830261,Irms,0.09
337.05503392219543,temperature,57.34,ctrSign,0.0,heater,0.0
337.5400414466858,temperature,57.19,ctrSign,0.0,heater,0.0
337.74302434921265,Irms,0.09
338.040908575058,temperature,56.97,ctrSign,0.0,heater,0.0
338.4682068824768,Irms,0.09
338.54084181785583,temperature,57.19,ctrSign,0.0,heater,0.0
339.04097175598145,temperature,57.26,ctrSign,0.0,heater,0.0
339.1933665275574,Irms,0.08
339.5414328575134,temperature,57.29,ctrSign,0.0,heater,0.0
339.91810274124146,Irms,0.07
340.0413703918457,temperature,56.9,ctrSign,0.0,heater,0.0
340.5418334007263,temperature,56.97,ctrSign,0.0,heater,0.0
340.64307284355164,Irms,0.09
341.0417833328247,temperature,56.97,ctrSign,0.0,heater,0.0
341.36865425109863,Irms,0.06
341.54158449172974,temperature,57.0,ctrSign,0.0,heater,0.0
342.0419759750366,temperature,56.97,ctrSign,0.0,heater,0.0
342.0938720703125,Irms,0.06
342.5423684120178,temperature,56.65,ctrSign,0.0,heater,0.0
342.8186066150665,Irms,0.07
343.0423617362976,temperature,57.0,ctrSign,0.0,heater,0.0
343.5437035560608,temperature,56.75,ctrSign,0.0,heater,0.0
343.56520891189575,Irms,0.07
344.04280376434326,temperature,57.24,ctrSign,0.0,heater,0.0
344.26816296577454,Irms,0.08
344.54258012771606,temperature,57.51,ctrSign,0.0,heater,0.0
344.99344062805176,Irms,0.09
345.04351711273193,temperature,56.92,ctrSign,0.0,heater,0.0
345.5430245399475,temperature,57.17,ctrSign,0.0,heater,0.0
345.71829771995544,Irms,0.08
346.0436840057373,temperature,56.97,ctrSign,0.0,heater,0.0
346.44279193878174,Irms,0.1
346.54399967193604,temperature,56.8,ctrSign,0.0,heater,0.0
347.0437505245209,temperature,56.75,ctrSign,0.0,heater,0.0
347.1682484149933,Irms,0.08
347.54407238960266,temperature,56.56,ctrSign,0.0,heater,0.0
347.89264464378357,Irms,0.09
348.0439946651459,temperature,57.09,ctrSign,0.0,heater,0.0
348.5447916984558,temperature,56.95,ctrSign,0.0,heater,0.0
348.6184141635895,Irms,0.08
349.0451157093048,temperature,56.87,ctrSign,0.0,heater,0.0
349.3430027961731,Irms,0.09
349.54548358917236,temperature,57.07,ctrSign,0.0,heater,0.0
350.0448660850525,temperature,57.12,ctrSign,0.0,heater,0.0
350.0962975025177,Irms,0.09
350.5457589626312,temperature,56.73,ctrSign,0.0,heater,0.0
350.79251503944397,Irms,0.07
351.04590487480164,temperature,56.9,ctrSign,0.0,heater,0.0
351.51748394966125,Irms,0.08
351.558473110199,temperature,56.75,ctrSign,0.0,heater,0.0
352.046275138855,temperature,57.05,ctrSign,0.0,heater,0.0
352.2431859970093,Irms,0.08
352.5462625026703,temperature,57.17,ctrSign,0.0,heater,0.0
352.9679522514343,Irms,0.08
353.0468406677246,temperature,57.17,ctrSign,0.0,heater,0.0
353.5464618206024,temperature,56.78,ctrSign,0.0,heater,0.0
353.69290494918823,Irms,0.08
354.046932220459,temperature,57.0,ctrSign,0.0,heater,0.0
354.41734290122986,Irms,0.09
354.54670810699463,temperature,57.19,ctrSign,0.0,heater,0.0
355.04699420928955,temperature,56.75,ctrSign,0.0,heater,0.0
355.1428894996643,Irms,0.08
355.54734659194946,temperature,57.02,ctrSign,0.0,heater,0.0
355.86717438697815,Irms,0.07
356.0467495918274,temperature,56.97,ctrSign,0.0,heater,0.0
356.54788875579834,temperature,56.48,ctrSign,0.0,heater,0.0
356.5968315601349,Irms,0.08
357.0477919578552,temperature,57.05,ctrSign,0.0,heater,0.0
357.317316532135,Irms,0.07
357.54808378219604,temperature,57.17,ctrSign,0.0,heater,0.0
358.04183077812195,Irms,0.08
358.06778287887573,temperature,56.85,ctrSign,0.0,heater,0.0
358.5482280254364,temperature,56.73,ctrSign,0.0,heater,0.0
358.7664885520935,Irms,0.08
359.0484173297882,temperature,56.92,ctrSign,0.0,heater,0.0
359.49164748191833,Irms,0.08
359.5489661693573,temperature,56.97,ctrSign,0.0,heater,0.0
360.04876375198364,temperature,56.92,ctrSign,0.0,heater,0.0
360.2169599533081,Irms,0.07
360.54865288734436,temperature,57.02,ctrSign,0.0,heater,0.0
360.94085144996643,Irms,0.07
361.0493218898773,temperature,56.73,ctrSign,0.0,heater,0.0
361.5492377281189,temperature,56.97,ctrSign,0.0,heater,0.0
361.6658101081848,Irms,0.07
362.0497486591339,temperature,56.7,ctrSign,0.0,heater,0.0
362.39074897766113,Irms,0.08
362.54988861083984,temperature,56.87,ctrSign,0.0,heater,0.0
363.04987263679504,temperature,57.0,ctrSign,0.0,heater,0.0
363.11581778526306,Irms,0.08
363.5503833293915,temperature,56.56,ctrSign,0.0,heater,0.0
363.84095454216003,Irms,0.09
364.0504608154297,temperature,57.51,ctrSign,0.0,heater,0.0
364.5508162975311,temperature,57.26,ctrSign,0.0,heater,0.0
364.5911011695862,Irms,0.09
365.05023527145386,temperature,56.97,ctrSign,0.0,heater,0.0
365.29058361053467,Irms,0.08
365.55061745643616,temperature,57.09,ctrSign,0.0,heater,0.0
366.01517724990845,Irms,0.07
366.06490993499756,temperature,56.75,ctrSign,0.0,heater,0.0
366.551780462265,temperature,56.8,ctrSign,0.0,heater,0.0
366.7399218082428,Irms,0.07
367.05173230171204,temperature,57.19,ctrSign,0.0,heater,0.0
367.4648058414459,Irms,0.08
367.55133295059204,temperature,56.53,ctrSign,0.0,heater,0.0
368.051554441452,temperature,57.09,ctrSign,0.0,heater,0.0
368.18955516815186,Irms,0.09
368.55285692214966,temperature,57.09,ctrSign,0.0,heater,0.0
368.9142165184021,Irms,0.08
369.0523555278778,temperature,57.09,ctrSign,0.0,heater,0.0
369.5546109676361,temperature,56.85,ctrSign,0.0,heater,0.0
369.63933873176575,Irms,0.07
370.0522005558014,temperature,56.75,ctrSign,0.0,heater,0.0
370.3637397289276,Irms,0.06
370.5524230003357,temperature,56.7,ctrSign,0.0,heater,0.0
371.05310463905334,temperature,57.22,ctrSign,0.0,heater,0.0
371.08799409866333,Irms,0.08
371.55299949645996,temperature,56.7,ctrSign,0.0,heater,0.0
371.81301045417786,Irms,0.06
372.05364322662354,temperature,56.97,ctrSign,0.0,heater,0.0
372.5381193161011,Irms,0.07
372.5639991760254,temperature,56.9,ctrSign,0.0,heater,0.0
373.053329706192,temperature,56.78,ctrSign,0.0,heater,0.0
